pIC50,prediction
-2.1455,-1.9091927627526375
-1.5416,-1.5383554009573737
-1.9274,-1.9765695800200613
-1.1614,-1.036046804074787
-1.3784,-1.594410382685738
-2.3555,-2.341493897265909
-2.2363,-1.7671267827065993
-1.3802,-1.2935515940585751
-1.1399,-1.389750898726998
-1.3181,-1.4621162225158741
-1.7973,-2.044852466549868
-1.4298,-1.4116590749119897
-2.0535,-2.195392494660964
-2.0233,-1.9665099106406112
-1.0253,-1.075469168422674
-2.0418,-1.9528025590471492
