pIC50,prediction
-2.1455,-1.9418011990929491
-1.5416,-1.5349153844994259
-1.9274,-1.9870500509100717
-1.1614,-1.0716670681160196
-1.3784,-1.5573522703707647
-2.3555,-2.314278250430981
-2.2363,-1.749913657833834
-1.3802,-1.3136231826553537
-1.1399,-1.2649042853031771
-1.3181,-1.5268622619556202
-1.7973,-1.974180268382005
-1.4298,-1.5542301918657655
-2.0535,-2.1559528692045147
-2.0233,-1.974365123167844
-1.0253,-0.9679532292868496
-2.0418,-2.066250706925632
