pIC50,prediction
-2.1455,-1.9550720072388605
-1.5416,-1.5351919693606124
-1.9274,-1.9761444130923915
-1.1614,-1.0548191322592375
-1.3784,-1.5675564744600523
-2.3555,-2.3211375794484614
-2.2363,-1.740189874828257
-1.3802,-1.3455000642142951
-1.1399,-1.2826623475396843
-1.3181,-1.5204394463613076
-1.7973,-1.9630735284810465
-1.4298,-1.5382899529369056
-2.0535,-2.154365556536872
-2.0233,-1.9661157689885735
-1.0253,-0.9617422062305252
-2.0418,-2.0729996780321773
