pIC50,prediction
-2.1455,-1.937920178354096
-1.5416,-1.5371701038859658
-1.9274,-2.0259778989582764
-1.1614,-0.9992519661542216
-1.3784,-1.582463202495501
-2.3555,-2.298720267474672
-2.2363,-1.7525043524321062
-1.3802,-1.3208335220191811
-1.1399,-1.3440565384481817
-1.3181,-1.4775624868334831
-1.7973,-1.9284486816710107
-1.4298,-1.5435104168754514
-2.0535,-2.1695578359016454
-2.0233,-2.0064693148586144
-1.0253,-1.003539974323075
-2.0418,-2.027313259318687
