pIC50,prediction
-2.1455,-1.9465331724756743
-1.5416,-1.5349431561255802
-1.9274,-1.9785388729869058
-1.1614,-1.0707396736232924
-1.3784,-1.5627038347335112
-2.3555,-2.3210431234225277
-2.2363,-1.747101130979602
-1.3802,-1.3110258765868608
-1.1399,-1.2665395156601456
-1.3181,-1.524287543366822
-1.7973,-1.970334070848403
-1.4298,-1.5577561500052246
-2.0535,-2.1548466340765167
-2.0233,-1.9749092524535614
-1.0253,-0.9693160951535416
-2.0418,-2.0646818975046495
